2010003832|1|||TIAGOECARLOS
2010004190|1|||TIAGOECARLOS
2010004201|1|||TIAGOECARLOS
2010004202|1|||TIAGOECARLOS
2010004209|1|||TIAGOECARLOS
2010004212|1|||TIAGOECARLOS
2010004362|1|||TIAGOECARLOS
2010004758|1|||TIAGOECARLOS
2010004923|1||RECEPCAO BLOCO PEDAGOGICO|TIAGOECARLOS
2010004953|1|||TIAGOECARLOS
2010004958|1|||TIAGOECARLOS
2010004974|1|||TIAGOECARLOS
2010004975|1|||TIAGOECARLOS
2010004987|1|||TIAGOECARLOS
2010004989|1|||TIAGOECARLOS
2010005001|1|||TIAGOECARLOS
2010005007|1|||TIAGOECARLOS
2010005018|1|||TIAGOECARLOS
2010005020|1|||TIAGOECARLOS
2010005222|3|INFORMADO QUE NAO FUNCIONA E NAO ESTA SENDO USADO||TIAGOECARLOS
2010005410|1|||TIAGOECARLOS
2011003244|1|||TIAGOECARLOS
2011003298|1|||TIAGOECARLOS
2011003755|1|||TIAGOECARLOS
2011004505|1|||TIAGOECARLOS
2011005167|1|||TIAGOECARLOS
2011005207|1|||TIAGOECARLOS
2011005463|1|||TIAGOECARLOS
2011005519|1|||TIAGOECARLOS
2011005525|1|||TIAGOECARLOS
2012013631|1|||TIAGOECARLOS
2012013645|1|||TIAGOECARLOS
2012013656|1|||TIAGOECARLOS
2012013692|1|||TIAGOECARLOS
2012013693|1|||TIAGOECARLOS
2012013695|1|||TIAGOECARLOS
2012013697|1|||TIAGOECARLOS
2012013698|1|||TIAGOECARLOS
2013006386|1|||TIAGOECARLOS
2013006793|1|||TIAGOECARLOS
2013006847|1|||TIAGOECARLOS
2013006853|1|||TIAGOECARLOS
2013006897|1|||TIAGOECARLOS
2013007577|1|||TIAGOECARLOS
2013007578|1|||TIAGOECARLOS
2013007579|1|||TIAGOECARLOS
2013007580|1|||TIAGOECARLOS
2014009212|1|||TIAGOECARLOS
2015009637|1|||TIAGOECARLOS
2015009638|1|||TIAGOECARLOS
2015009650|1|||TIAGOECARLOS
2010004207|1|||
2011005529|1|||
2010003682|1||LABORATORIO MICROSCOPIA|
2013006588|1|||
2013006609|1|||
2011003861|1||CAE COORDENACAO|
2013006863|1|||
2013006873|1||CAE - C04|
2013006874|1||CAE - C04|
2013006875|1||CAE - C04|
2013006876|1||CAE - C04|
2015009632|1|||
2015009640|1|||
2015009641|1|||
2015009649|1|||
